{
  "framework": "nextjs",
  "buildCommand": "next build",
  "outputDirectory": ".next",
  "installCommand": "npm install",
  "devCommand": "next dev",
  "regions": ["iad1"],
  "functions": {
    "pages/api/**/*.js": {
      "maxDuration": 30
    }
  },
  "headers": [
    {
      "source": "/sw.js",
      "headers": [
        {
          "key": "Cache-Control",
          "value": "public, max-age=0, must-revalidate"
        }
      ]
    },
    {
      "source": "/manifest.json",
      "headers": [
        {
          "key": "Cache-Control",
          "value": "public, max-age=31536000, immutable"
        }
      ]
    },
    {
      "source": "/icons/(.*)",
      "headers": [
        {
          "key": "Cache-Control",
          "value": "public, max-age=31536000, immutable"
        }
      ]
    }
  ]
}
