{
  "v1": 0.5,
  "blocks": [
    { "start": 1,   "end": 10,  "r": 1.6  },
    { "start": 11,  "end": 20,  "r": 1.4  },
    { "start": 21,  "end": 30,  "r": 1.3  },
    { "start": 31,  "end": 40,  "r": 1.1  },
    { "start": 41,  "end": 50,  "r": 1.05 },

    { "start": 51,  "end": 100, "r": 1.001 },
    { "start": 101, "end": 150, "r": 1.001 },
    { "start": 151, "end": 200, "r": 1.001 },
    { "start": 201, "end": 250, "r": 1.001 },
    { "start": 251, "end": 300, "r": 1.001 },
    { "start": 301, "end": 350, "r": 1.001 },
    { "start": 351, "end": 400, "r": 1.001 },
    { "start": 401, "end": 450, "r": 1.001 },
    { "start": 451, "end": 500, "r": 1.001 },
    { "start": 501, "end": 550, "r": 1.001 },
    { "start": 551, "end": 600, "r": 1.001 },
    { "start": 601, "end": 650, "r": 1.001 },
    { "start": 651, "end": 700, "r": 1.001 },
    { "start": 701, "end": 750, "r": 1.001 },
    { "start": 751, "end": 800, "r": 1.001 },
    { "start": 801, "end": 850, "r": 1.001 },
    { "start": 851, "end": 900, "r": 1.001 },
    { "start": 901, "end": 950, "r": 1.001 },
    { "start": 951, "end": 1000,"r": 1.001 }
  ]
}
